Model,Test_Accuracy,CV_Mean,CV_Std
Logistic Regression,0.9970059880239521,0.99475935828877,0.0007859325377914165
Gradient Boosting,0.9940119760479041,0.9883422459893048,0.0008556149732620117
XGBoost,0.9923011120615911,0.9884491978609624,0.001901218057179801
LightGBM,0.9914456800684346,0.9895187165775401,0.0023334143560718307
Random Forest,0.985885372112917,0.9851336898395722,0.0010906993611962815
SVM,0.9854576561163387,0.9814973262032085,0.0016078391848527336
